Country Name,Country Code,Indicator Name,Indicator Code,1960,1961,1962,1963,1964,1965,1966,1967,1968,1969,1970,1971,1972,1973,1974,1975,1976,1977,1978,1979,1980,1981,1982,1983,1984,1985,1986,1987,1988,1989,1990,1991,1992,1993,1994,1995,1996,1997,1998,1999,2000,2001,2002,2003,2004,2005,2006,2007,2008,2009,2010,2011,2012,2013,2014,2015,2016,2017,2018,2019,2020
Aruba,ABW,Female share of employment in senior and middle management (%),SL.EMP.SMGT.FE.ZS,,,,,,,,,,,,,,,,,,,,,,,,,,,,,,,,,,,,,,,,,,,,,,,,,,,,,,,,,,,,,
Afghanistan,AFG,Female share of employment in senior and middle management (%),SL.EMP.SMGT.FE.ZS,,,,,,,,,,,,,,,,,,,,,,,,,,,,,,,,,,,,,,,,,,,,,,,,,,,,,,,,,,4.260000229,,,
Angola,AGO,Female share of employment in senior and middle management (%),SL.EMP.SMGT.FE.ZS,,,,,,,,,,,,,,,,,,,,,,,,,,,,,,,,,,,,,,,,,,,,,,,,,,,,,,,,,,,,,
Albania,ALB,Female share of employment in senior and middle management (%),SL.EMP.SMGT.FE.ZS,,,,,,,,,,,,,,,,,,,,,,,,,,,,,,,,,,,,,,,,,,,,,,,,22.80999947,24.43000031,21.97999954,16.25,,14.71000004,29.29999924,20.62000084,19.28000069,24.02000046,22.64999962,31.60000038,41.34000015,
Andorra,AND,Female share of employment in senior and middle management (%),SL.EMP.SMGT.FE.ZS,,,,,,,,,,,,,,,,,,,,,,,,,,,,,,,,,,,,,,,,,,,,,,,,,,,,,,,,,,,,,
Arab World,ARB,Female share of employment in senior and middle management (%),SL.EMP.SMGT.FE.ZS,,,,,,,,,,,,,,,,,,,,,,,,,,,,,,,,,,,,,,,,,,,,,,,,,,,,,,,,,,,,,
United Arab Emirates,ARE,Female share of employment in senior and middle management (%),SL.EMP.SMGT.FE.ZS,,,,,,,,,,,,,,,,,,,,,,,,,,,,,,,,,,,,,,,,,,,,,,,,,,,,,,,,,,12.17000008,15.75,,
Argentina,ARG,Female share of employment in senior and middle management (%),SL.EMP.SMGT.FE.ZS,,,,,,,,,,,,,,,,,,,,,,,,,,,,,,,,,,,,,,,,,,,,,28.61000061,26.26000023,29.40999985,,29.93000031,34.43000031,32.13999939,30.14999962,32.34000015,36.49000168,38.63999939,,,32.63000107,33.18000031,33.13999939,
Armenia,ARM,Female share of employment in senior and middle management (%),SL.EMP.SMGT.FE.ZS,,,,,,,,,,,,,,,,,,,,,,,,,,,,,,,,,,,,,,,,,,,,,,,,,,,,,,,,,,,,,
American Samoa,ASM,Female share of employment in senior and middle management (%),SL.EMP.SMGT.FE.ZS,,,,,,,,,,,,,,,,,,,,,,,,,,,,,,,,,,,,,,,,,,,,,,,,,,,,,,,,,,,,,
Antigua and Barbuda,ATG,Female share of employment in senior and middle management (%),SL.EMP.SMGT.FE.ZS,,,,,,,,,,,,,,,,,,,,,,,,,,,,,,,,,,,,,,,,,,,,,,,,,,,,,,,,,,,,,
Australia,AUS,Female share of employment in senior and middle management (%),SL.EMP.SMGT.FE.ZS,,,,,,,,,,,,,,,,,,,,,,,,,,,,,,,,,,,,,,,,,,,,,,,,,,,,,,,,,,,,,
Austria,AUT,Female share of employment in senior and middle management (%),SL.EMP.SMGT.FE.ZS,,,,,,,,,,,,,,,,,,,,,,,,,,,,,,,,,,,,,,,,,28.12999916,29.37999916,30.78000069,28.5,22.18000031,21.5,20.95999908,21,25.19000053,23.25,25.42000008,26.06999969,27.12999916,26.32999992,27.85000038,27.87999916,29.52000046,29.19000053,28.86000061,32.00999832,
Azerbaijan,AZE,Female share of employment in senior and middle management (%),SL.EMP.SMGT.FE.ZS,,,,,,,,,,,,,,,,,,,,,,,,,,,,,,,,,,,,,,,,,,,,,,,,,,,,,,,,,,,,,
Burundi,BDI,Female share of employment in senior and middle management (%),SL.EMP.SMGT.FE.ZS,,,,,,,,,,,,,,,,,,,,,,,,,,,,,,,,,,,,,,,,,,,,,,,,,,,,,,,,,,,,,
Belgium,BEL,Female share of employment in senior and middle management (%),SL.EMP.SMGT.FE.ZS,,,,,,,,,,,,,,,,,,,,,,,,,,,,,,,,,,,,,,,,,24.53000069,28.37999916,27.96999931,27.32999992,26.90999985,30.23999977,31.12999916,33.54000092,31.89999962,34.56999969,34.77000046,30.45000076,31.67000008,30.75,31.29999924,31.04000092,31.97999954,32.90999985,33.45000076,31.87999916,
Benin,BEN,Female share of employment in senior and middle management (%),SL.EMP.SMGT.FE.ZS,,,,,,,,,,,,,,,,,,,,,,,,,,,,,,,,,,,,,,,,,,,,,,,,,,,,,,,,,,,,,
Burkina Faso,BFA,Female share of employment in senior and middle management (%),SL.EMP.SMGT.FE.ZS,,,,,,,,,,,,,,,,,,,,,,,,,,,,,,,,,,,,,,,,,,,,,,,,,,,,,,,,,,,23.95000076,,
Bangladesh,BGD,Female share of employment in senior and middle management (%),SL.EMP.SMGT.FE.ZS,,,,,,,,,,,,,,,,,,,,,,,,,,,,,,,,,,,,,,,,,,,,,,,10.89999962,,,,10.03999996,,,,,,,11.47999954,,,
Bulgaria,BGR,Female share of employment in senior and middle management (%),SL.EMP.SMGT.FE.ZS,,,,,,,,,,,,,,,,,,,,,,,,,,,,,,,,,,,,,,,,,37.45999908,40.52000046,42.31000137,37.79999924,41.43000031,40.61000061,37.56000137,36.40999985,36.50999832,35.79000092,38.63000107,37,35.5,36,35.36000061,37.38000107,39.27999878,39.29000092,39.27999878,39.25,
Bahrain,BHR,Female share of employment in senior and middle management (%),SL.EMP.SMGT.FE.ZS,,,,,,,,,,,,,,,,,,,,,,,,,,,,,,,,,,,,,,,,,,,,,,,,,,,,,,,,,,,,,
"Bahamas, The",BHS,Female share of employment in senior and middle management (%),SL.EMP.SMGT.FE.ZS,,,,,,,,,,,,,,,,,,,,,,,,,,,,,,,,,,,,,,,,,,,,,,,,,,,,,,,,,,,,,
Bosnia and Herzegovina,BIH,Female share of employment in senior and middle management (%),SL.EMP.SMGT.FE.ZS,,,,,,,,,,,,,,,,,,,,,,,,,,,,,,,,,,,,,,,,,,,,,,,23.72999954,20.27000046,33.34999847,27.67000008,,22.60000038,23.03000069,21.42000008,24.15999985,24.18000031,18.78000069,18.82999992,26.12000084,25.43000031,
Belarus,BLR,Female share of employment in senior and middle management (%),SL.EMP.SMGT.FE.ZS,,,,,,,,,,,,,,,,,,,,,,,,,,,,,,,,,,,,,,,,,,,,,,,,,,,,,,,,,,,,,
Belize,BLZ,Female share of employment in senior and middle management (%),SL.EMP.SMGT.FE.ZS,,,,,,,,,,,,,,,,,,,,,,,,,,,,,,,,,,,,,,,,,,,,,,,,,,,,,,,,39.13999939,41.70999908,,,,
Bermuda,BMU,Female share of employment in senior and middle management (%),SL.EMP.SMGT.FE.ZS,,,,,,,,,,,,,,,,,,,,,,,,,,,,,,,,,,,,,,,,,,,,,,,,,,,,,,,,,,,,,
Bolivia,BOL,Female share of employment in senior and middle management (%),SL.EMP.SMGT.FE.ZS,,,,,,,,,,,,,,,,,,,,,,,,,,,,,,,,,,,,,,,,,,,,,,,,,,,,,,,,,29.95000076,26.75,30.44000053,,
Brazil,BRA,Female share of employment in senior and middle management (%),SL.EMP.SMGT.FE.ZS,,,,,,,,,,,,,,,,,,,,,,,,,,,,,,,,,,,,,,,,,,,35.02000046,34.22000122,35.66999817,38.06999969,36.29999924,37.68000031,35.83000183,35.22000122,,36.58000183,36.45000076,36.95999908,37.36999893,37.97000122,38.22999954,38.36999893,38.72000122,38.61000061,
Barbados,BRB,Female share of employment in senior and middle management (%),SL.EMP.SMGT.FE.ZS,,,,,,,,,,,,,,,,,,,,,,,,,,,,,,,,,,,,,,,,,,,,,,,,,,,,,,,,,,,,,
Brunei Darussalam,BRN,Female share of employment in senior and middle management (%),SL.EMP.SMGT.FE.ZS,,,,,,,,,,,,,,,,,,,,,,,,,,,,,,,,,,,,,,,,,,,,,,,,,,,,,,,32.50999832,,,36.97000122,34.54999924,32.25999832,
Bhutan,BTN,Female share of employment in senior and middle management (%),SL.EMP.SMGT.FE.ZS,,,,,,,,,,,,,,,,,,,,,,,,,,,,,,,,,,,,,,,,,,,,,,,,,,,,,,,,,,,,,
Botswana,BWA,Female share of employment in senior and middle management (%),SL.EMP.SMGT.FE.ZS,,,,,,,,,,,,,,,,,,,,,,,,,,,,,,,,,,,,,,,,,,,,,,,,,,29.54999924,,,,,,,,,,,
Central African Republic,CAF,Female share of employment in senior and middle management (%),SL.EMP.SMGT.FE.ZS,,,,,,,,,,,,,,,,,,,,,,,,,,,,,,,,,,,,,,,,,,,,,,,,,,,,,,,,,,,,,
Canada,CAN,Female share of employment in senior and middle management (%),SL.EMP.SMGT.FE.ZS,,,,,,,,,,,,,,,,,,,,,,,,,,,,,,,,,,,,,,,,,,,,,,,,,,,,,,,,,,,,,
Central Europe and the Baltics,CEB,Female share of employment in senior and middle management (%),SL.EMP.SMGT.FE.ZS,,,,,,,,,,,,,,,,,,,,,,,,,,,,,,,,,,,,,,,,,,,,,,,,,,,,,,,,,,,,,
Switzerland,CHE,Female share of employment in senior and middle management (%),SL.EMP.SMGT.FE.ZS,,,,,,,,,,,,,,,,,,,,,,,,,,,,,,,,,,,,,,,,,16.06999969,,,,,,,,,,,28.70000076,28.73999977,28.36000061,28.54999924,30.37999916,30.79999924,28.82999992,30.54000092,32.45999908,
Channel Islands,CHI,Female share of employment in senior and middle management (%),SL.EMP.SMGT.FE.ZS,,,,,,,,,,,,,,,,,,,,,,,,,,,,,,,,,,,,,,,,,,,,,,,,,,,,,,,,,,,,,
Chile,CHL,Female share of employment in senior and middle management (%),SL.EMP.SMGT.FE.ZS,,,,,,,,,,,,,,,,,,,,,,,,,,,,,,,,,,,,,,,,,35.52000046,,,42.59999847,,,28.61000061,,,28.29000092,,,,,,,,,,,
China,CHN,Female share of employment in senior and middle management (%),SL.EMP.SMGT.FE.ZS,,,,,,,,,,,,,,,,,,,,,,,,,,,,,,,,,,,,,,,,,,,,,,,,,,,,,,,,,,,,,
Cote d'Ivoire,CIV,Female share of employment in senior and middle management (%),SL.EMP.SMGT.FE.ZS,,,,,,,,,,,,,,,,,,,,,,,,,,,,,,,,,,,,,,,,,,,,,,,,,,,,,,,,,,22.15999985,,,
Cameroon,CMR,Female share of employment in senior and middle management (%),SL.EMP.SMGT.FE.ZS,,,,,,,,,,,,,,,,,,,,,,,,,,,,,,,,,,,,,,,,,,,,,,,,,,,,,,,,,,,,,
"Congo, Dem. Rep.",COD,Female share of employment in senior and middle management (%),SL.EMP.SMGT.FE.ZS,,,,,,,,,,,,,,,,,,,,,,,,,,,,,,,,,,,,,,,,,,,,,,5.730000019,,,,,,,,,,,,,,,
"Congo, Rep.",COG,Female share of employment in senior and middle management (%),SL.EMP.SMGT.FE.ZS,,,,,,,,,,,,,,,,,,,,,,,,,,,,,,,,,,,,,,,,,,,,,,,,,,,,,,,,,,,,,
Colombia,COL,Female share of employment in senior and middle management (%),SL.EMP.SMGT.FE.ZS,,,,,,,,,,,,,,,,,,,,,,,,,,,,,,,,,,,,,,,,,,,,,,,,,,,,,,,,,,,,,
Comoros,COM,Female share of employment in senior and middle management (%),SL.EMP.SMGT.FE.ZS,,,,,,,,,,,,,,,,,,,,,,,,,,,,,,,,,,,,,,,,,,,,,,,,,,,,,,,,,,,,,
Cabo Verde,CPV,Female share of employment in senior and middle management (%),SL.EMP.SMGT.FE.ZS,,,,,,,,,,,,,,,,,,,,,,,,,,,,,,,,,,,,,,,,,,,,,,,,,,,,,,,,,,,,,
Costa Rica,CRI,Female share of employment in senior and middle management (%),SL.EMP.SMGT.FE.ZS,,,,,,,,,,,,,,,,,,,,,,,,,,,,,,,,,,,,,,,,,,,,,,,,,,,,,,,,,,,,,
Caribbean small states,CSS,Female share of employment in senior and middle management (%),SL.EMP.SMGT.FE.ZS,,,,,,,,,,,,,,,,,,,,,,,,,,,,,,,,,,,,,,,,,,,,,,,,,,,,,,,,,,,,,
Cuba,CUB,Female share of employment in senior and middle management (%),SL.EMP.SMGT.FE.ZS,,,,,,,,,,,,,,,,,,,,,,,,,,,,,,,,,,,,,,,,,,,,,,,,,,,,,,,,,,,,,
Curacao,CUW,Female share of employment in senior and middle management (%),SL.EMP.SMGT.FE.ZS,,,,,,,,,,,,,,,,,,,,,,,,,,,,,,,,,,,,,,,,,,,,,,,,,,,,,,,,,,,,,
Cayman Islands,CYM,Female share of employment in senior and middle management (%),SL.EMP.SMGT.FE.ZS,,,,,,,,,,,,,,,,,,,,,,,,,,,,,,,,,,,,,,,,,,,,,,,,,,,,,,,,,,,,,
Cyprus,CYP,Female share of employment in senior and middle management (%),SL.EMP.SMGT.FE.ZS,,,,,,,,,,,,,,,,,,,,,,,,,,,,,,,,,,,,,,,,,18.48999977,18.54999924,,,,,17.22999954,17.69000053,20.44000053,13.76000023,14.31999969,14.67000008,16.44000053,18.70000076,18.13999939,25.21999931,26.98999977,,,,
Czech Republic,CZE,Female share of employment in senior and middle management (%),SL.EMP.SMGT.FE.ZS,,,,,,,,,,,,,,,,,,,,,,,,,,,,,,,,,,,,,,,,,26.79000092,29.32999992,28.54000092,31.72999954,30.20000076,31.60000038,30.70000076,29.5,29.29000092,28.90999985,27.84000015,24.04000092,23.11000061,24.54000092,26.62000084,27.79999924,23.11000061,24.13999939,26.62999916,26.61000061,
Germany,DEU,Female share of employment in senior and middle management (%),SL.EMP.SMGT.FE.ZS,,,,,,,,,,,,,,,,,,,,,,,,,,,,,,,,,,,,,,,,,20.65999985,20.59000015,21.98999977,23.05999947,22.76000023,23.55999947,24.19000053,24.77000046,25.69000053,26.81999969,27.51000023,27.94000053,27.05999947,27.52000046,27.77000046,28.04999924,28.09000015,28.20999908,28.57999992,28.59000015,
Djibouti,DJI,Female share of employment in senior and middle management (%),SL.EMP.SMGT.FE.ZS,,,,,,,,,,,,,,,,,,,,,,,,,,,,,,,,,,,,,,,,,,,,,,,,,,,,,,,,,,,,,
Dominica,DMA,Female share of employment in senior and middle management (%),SL.EMP.SMGT.FE.ZS,,,,,,,,,,,,,,,,,,,,,,,,,,,,,,,,,,,,,,,,,,,,,,,,,,,,,,,,,,,,,
Denmark,DNK,Female share of employment in senior and middle management (%),SL.EMP.SMGT.FE.ZS,,,,,,,,,,,,,,,,,,,,,,,,,,,,,,,,,,,,,,,,,19.73999977,17.56999969,17.87999916,20.47999954,20.62000084,21.36000061,20.36000061,25.29999924,19.42000008,19.88999939,19.13999939,28.5,,,,,28.01000023,27,26.32999992,26.62999916,
Dominican Republic,DOM,Female share of employment in senior and middle management (%),SL.EMP.SMGT.FE.ZS,,,,,,,,,,,,,,,,,,,,,,,,,,,,,,,,,,,,,,,,,36.93999863,40.02999878,31.5,39.04999924,40.33000183,45.09000015,45,38.58000183,37.50999832,45.36999893,46.20000076,51.83000183,57.97000122,46.59000015,46.66999817,48.91999817,47.43999863,50.49000168,44.79000092,50.18999863,
Algeria,DZA,Female share of employment in senior and middle management (%),SL.EMP.SMGT.FE.ZS,,,,,,,,,,,,,,,,,,,,,,,,,,,,,,,,,,,,,,,,,,,,,,,,,,,,,,,,,,,,,
East Asia & Pacific (excluding high income),EAP,Female share of employment in senior and middle management (%),SL.EMP.SMGT.FE.ZS,,,,,,,,,,,,,,,,,,,,,,,,,,,,,,,,,,,,,,,,,,,,,,,,,,,,,,,,,,,,,
Early-demographic dividend,EAR,Female share of employment in senior and middle management (%),SL.EMP.SMGT.FE.ZS,,,,,,,,,,,,,,,,,,,,,,,,,,,,,,,,,,,,,,,,,,,,,,,,,,,,,,,,,,,,,
East Asia & Pacific,EAS,Female share of employment in senior and middle management (%),SL.EMP.SMGT.FE.ZS,,,,,,,,,,,,,,,,,,,,,,,,,,,,,,,,,,,,,,,,,,,,,,,,,,,,,,,,,,,,,
Europe & Central Asia (excluding high income),ECA,Female share of employment in senior and middle management (%),SL.EMP.SMGT.FE.ZS,,,,,,,,,,,,,,,,,,,,,,,,,,,,,,,,,,,,,,,,,,,,,,,,,,,,,,,,,,,,,
Europe & Central Asia,ECS,Female share of employment in senior and middle management (%),SL.EMP.SMGT.FE.ZS,,,,,,,,,,,,,,,,,,,,,,,,,,,,,,,,,,,,,,,,,,,,,,,,,,,,,,,,,,,,,
Ecuador,ECU,Female share of employment in senior and middle management (%),SL.EMP.SMGT.FE.ZS,,,,,,,,,,,,,,,,,,,,,,,,,,,,,,,,,,,,,,,,,,,,34.40999985,32.91999817,33.66999817,30.18000031,40.11000061,33.59999847,32.68000031,33.54999924,43.86000061,43.22999954,35.54999924,35.59000015,33.31999969,33.95000076,35.15000153,35.25999832,37.09999847,
"Egypt, Arab Rep.",EGY,Female share of employment in senior and middle management (%),SL.EMP.SMGT.FE.ZS,,,,,,,,,,,,,,,,,,,,,,,,,,,,,,,,,,,,,,,,,,,,,,,,,9.010000229,,,,,,,,,,,,
Euro area,EMU,Female share of employment in senior and middle management (%),SL.EMP.SMGT.FE.ZS,,,,,,,,,,,,,,,,,,,,,,,,,,,,,,,,,,,,,,,,,,,,,,,,,,,,,,,,,,,,,
Eritrea,ERI,Female share of employment in senior and middle management (%),SL.EMP.SMGT.FE.ZS,,,,,,,,,,,,,,,,,,,,,,,,,,,,,,,,,,,,,,,,,,,,,,,,,,,,,,,,,,,,,
Spain,ESP,Female share of employment in senior and middle management (%),SL.EMP.SMGT.FE.ZS,,,,,,,,,,,,,,,,,,,,,,,,,,,,,,,,,,,,,,,,,15.64999962,17.35000038,18.12999916,15.85999966,18.93000031,21.5,23.12000084,23.75,23.76000023,24.70000076,27.12000084,28.10000038,28.79000092,29.34000015,29.39999962,30.35000038,30.34000015,30.90999985,31.89999962,33.72000122,
Estonia,EST,Female share of employment in senior and middle management (%),SL.EMP.SMGT.FE.ZS,,,,,,,,,,,,,,,,,,,,,,,,,,,,,,,,,,,,,,,,,34.83000183,38.16999817,37.16999817,34.79999924,41.22999954,41.04000092,39.63000107,34.90999985,36.59999847,34.34000015,38.36999893,34.63000107,31.62000084,32.81000137,30.84000015,27.84000015,31.62999916,34.33000183,33.24000168,35.11000061,
Ethiopia,ETH,Female share of employment in senior and middle management (%),SL.EMP.SMGT.FE.ZS,,,,,,,,,,,,,,,,,,,,,,,,,,,,,,,,,,,,,,,,,,,,,,15.06999969,,,,,,,,21.07999992,,,,,,,
European Union,EUU,Female share of employment in senior and middle management (%),SL.EMP.SMGT.FE.ZS,,,,,,,,,,,,,,,,,,,,,,,,,,,,,,,,,,,,,,,,,,,,,,,,,,,,,,,,,,,,,
Fragile and conflict affected situations,FCS,Female share of employment in senior and middle management (%),SL.EMP.SMGT.FE.ZS,,,,,,,,,,,,,,,,,,,,,,,,,,,,,,,,,,,,,,,,,,,,,,,,,,,,,,,,,,,,,
Finland,FIN,Female share of employment in senior and middle management (%),SL.EMP.SMGT.FE.ZS,,,,,,,,,,,,,,,,,,,,,,,,,,,,,,,,,,,,,,,,,27.54999924,29.73999977,30.22999954,30.93000031,30.68000031,32.66999817,33.84999847,32.27999878,33.58000183,34.70999908,34.34000015,31.09000015,29.67000008,29.46999931,34.25999832,33.49000168,34.06000137,31.45000076,32.00999832,36.75999832,
Fiji,FJI,Female share of employment in senior and middle management (%),SL.EMP.SMGT.FE.ZS,,,,,,,,,,,,,,,,,,,,,,,,,,,,,,,,,,,,,,,,,,,,,,,,,,,,30.70999908,,,,,38.58000183,,,,
France,FRA,Female share of employment in senior and middle management (%),SL.EMP.SMGT.FE.ZS,,,,,,,,,,,,,,,,,,,,,,,,,,,,,,,,,,,,,,,,,31.64999962,32.54999924,34.47999954,32.52999878,33.06000137,36.34000015,37,36.45999908,36.77000046,37.38000107,38.54000092,39.13999939,39.18999863,35.58000183,32.02999878,31.02000046,31.18000031,32.63999939,34.36000061,34.24000168,
Faroe Islands,FRO,Female share of employment in senior and middle management (%),SL.EMP.SMGT.FE.ZS,,,,,,,,,,,,,,,,,,,,,,,,,,,,,,,,,,,,,,,,,,,,,,,,,,,,,,,,,,,,,
"Micronesia, Fed. Sts.",FSM,Female share of employment in senior and middle management (%),SL.EMP.SMGT.FE.ZS,,,,,,,,,,,,,,,,,,,,,,,,,,,,,,,,,,,,,,,,,,,,,,,,,,,,,,,18.19000053,,,,,,
Gabon,GAB,Female share of employment in senior and middle management (%),SL.EMP.SMGT.FE.ZS,,,,,,,,,,,,,,,,,,,,,,,,,,,,,,,,,,,,,,,,,,,,,,,,,,,,,,,,,,,,,
United Kingdom,GBR,Female share of employment in senior and middle management (%),SL.EMP.SMGT.FE.ZS,,,,,,,,,,,,,,,,,,,,,,,,,,,,,,,,,,,,,,,,,34.68999863,29.62000084,31.38999939,31.46999931,32.45999908,33.61000061,34.25999832,34.34999847,34.75,35.38000107,35.97999954,32.11999893,32.38999939,32.31000137,32.86000061,32.40000153,33.77999878,34.36000061,34.22000122,34.90999985,
Georgia,GEO,Female share of employment in senior and middle management (%),SL.EMP.SMGT.FE.ZS,,,,,,,,,,,,,,,,,,,,,,,,,,,,,,,,,,,,,,,,,,,,,,,,,,,,,,,,,,,,,
Ghana,GHA,Female share of employment in senior and middle management (%),SL.EMP.SMGT.FE.ZS,,,,,,,,,,,,,,,,,,,,,,,,,,,,,,,,,,,,,,,,,,,,,,,,,,,,,,26.67000008,,33.11000061,,26.55999947,,,
Gibraltar,GIB,Female share of employment in senior and middle management (%),SL.EMP.SMGT.FE.ZS,,,,,,,,,,,,,,,,,,,,,,,,,,,,,,,,,,,,,,,,,,,,,,,,,,,,,,,,,,,,,
Guinea,GIN,Female share of employment in senior and middle management (%),SL.EMP.SMGT.FE.ZS,,,,,,,,,,,,,,,,,,,,,,,,,,,,,,,,,,,,,,,,,,,,,,,,,,,,,,,,,,,,,
"Gambia, The",GMB,Female share of employment in senior and middle management (%),SL.EMP.SMGT.FE.ZS,,,,,,,,,,,,,,,,,,,,,,,,,,,,,,,,,,,,,,,,,,,,,,,,,,,,,33.68000031,,,,,,,,
Guinea-Bissau,GNB,Female share of employment in senior and middle management (%),SL.EMP.SMGT.FE.ZS,,,,,,,,,,,,,,,,,,,,,,,,,,,,,,,,,,,,,,,,,,,,,,,,,,,,,,,,,,,,,
Equatorial Guinea,GNQ,Female share of employment in senior and middle management (%),SL.EMP.SMGT.FE.ZS,,,,,,,,,,,,,,,,,,,,,,,,,,,,,,,,,,,,,,,,,,,,,,,,,,,,,,,,,,,,,
Greece,GRC,Female share of employment in senior and middle management (%),SL.EMP.SMGT.FE.ZS,,,,,,,,,,,,,,,,,,,,,,,,,,,,,,,,,,,,,,,,,19.87999916,18.54999924,15.46000004,20.72999954,21.19000053,23.65999985,22.48999977,22.77000046,26.28000069,27.01000023,26.89999962,22.02000046,22.23999977,25.82999992,27.82999992,24.67000008,24.65999985,29.72999954,30.54000092,29.77000046,
Grenada,GRD,Female share of employment in senior and middle management (%),SL.EMP.SMGT.FE.ZS,,,,,,,,,,,,,,,,,,,,,,,,,,,,,,,,,,,,,,,,,,,,,,,,,,,,,,,,,,,,,
Greenland,GRL,Female share of employment in senior and middle management (%),SL.EMP.SMGT.FE.ZS,,,,,,,,,,,,,,,,,,,,,,,,,,,,,,,,,,,,,,,,,,,,,,,,,,,,,,,,,,,,,
Guatemala,GTM,Female share of employment in senior and middle management (%),SL.EMP.SMGT.FE.ZS,,,,,,,,,,,,,,,,,,,,,,,,,,,,,,,,,,,,,,,,,,,,25.52000046,46.56000137,,,,,,33.15000153,60.90999985,35.56999969,29.39999962,35.43999863,34.63000107,39.16999817,34.5,,,
Guam,GUM,Female share of employment in senior and middle management (%),SL.EMP.SMGT.FE.ZS,,,,,,,,,,,,,,,,,,,,,,,,,,,,,,,,,,,,,,,,,,,,,,,,,,,,,,,,,,,,,
Guyana,GUY,Female share of employment in senior and middle management (%),SL.EMP.SMGT.FE.ZS,,,,,,,,,,,,,,,,,,,,,,,,,,,,,,,,,,,,,,,,,,,,,,,,,,,,,,,,,,,38.47000122,,
High income,HIC,Female share of employment in senior and middle management (%),SL.EMP.SMGT.FE.ZS,,,,,,,,,,,,,,,,,,,,,,,,,,,,,,,,,,,,,,,,,,,,,,,,,,,,,,,,,,,,,
"Hong Kong SAR, China",HKG,Female share of employment in senior and middle management (%),SL.EMP.SMGT.FE.ZS,,,,,,,,,,,,,,,,,,,,,,,,,,,,,,,,,,,,,,,,,,,,,,,,,,,,,,,,,,,,,
Honduras,HND,Female share of employment in senior and middle management (%),SL.EMP.SMGT.FE.ZS,,,,,,,,,,,,,,,,,,,,,,,,,,,,,,,,,,,,,,,,,,,,,,33.15000153,33.83000183,33.77000046,33.31999969,34.25,35.54000092,31.55999947,35.79999924,36.20999908,42.31999969,42.38999939,41.08000183,41.04000092,47.11000061,47.47000122,
Heavily indebted poor countries (HIPC),HPC,Female share of employment in senior and middle management (%),SL.EMP.SMGT.FE.ZS,,,,,,,,,,,,,,,,,,,,,,,,,,,,,,,,,,,,,,,,,,,,,,,,,,,,,,,,,,,,,
Croatia,HRV,Female share of employment in senior and middle management (%),SL.EMP.SMGT.FE.ZS,,,,,,,,,,,,,,,,,,,,,,,,,,,,,,,,,,,,,,,,,,,26.75,28.26000023,17.51000023,28.20999908,27.46999931,22.71999931,32.09999847,37.20000076,27.43000031,23.56999969,25.77000046,23.87000084,24.37000084,26.12000084,29.5,27.87999916,26.09000015,24.27000046,
Haiti,HTI,Female share of employment in senior and middle management (%),SL.EMP.SMGT.FE.ZS,,,,,,,,,,,,,,,,,,,,,,,,,,,,,,,,,,,,,,,,,,,,,,,,,,,,,,,,,,,,,
Hungary,HUN,Female share of employment in senior and middle management (%),SL.EMP.SMGT.FE.ZS,,,,,,,,,,,,,,,,,,,,,,,,,,,,,,,,,,,,,,,,,34.18999863,37.65000153,37.86000061,37.18999863,36.65000153,39.40000153,40.93999863,39.04000092,40.77999878,39.90000153,39.95999908,38.22000122,36.25999832,38.25999832,37.59000015,39.06000137,37.72000122,37.63999939,37.04999924,35.90000153,
IBRD only,IBD,Female share of employment in senior and middle management (%),SL.EMP.SMGT.FE.ZS,,,,,,,,,,,,,,,,,,,,,,,,,,,,,,,,,,,,,,,,,,,,,,,,,,,,,,,,,,,,,
IDA & IBRD total,IBT,Female share of employment in senior and middle management (%),SL.EMP.SMGT.FE.ZS,,,,,,,,,,,,,,,,,,,,,,,,,,,,,,,,,,,,,,,,,,,,,,,,,,,,,,,,,,,,,
IDA total,IDA,Female share of employment in senior and middle management (%),SL.EMP.SMGT.FE.ZS,,,,,,,,,,,,,,,,,,,,,,,,,,,,,,,,,,,,,,,,,,,,,,,,,,,,,,,,,,,,,
IDA blend,IDB,Female share of employment in senior and middle management (%),SL.EMP.SMGT.FE.ZS,,,,,,,,,,,,,,,,,,,,,,,,,,,,,,,,,,,,,,,,,,,,,,,,,,,,,,,,,,,,,
Indonesia,IDN,Female share of employment in senior and middle management (%),SL.EMP.SMGT.FE.ZS,,,,,,,,,,,,,,,,,,,,,,,,,,,,,,,,,,,,,,,,,,,,,,,,15.81000042,16.44000053,18.05999947,19.43000031,,,,,,,,,,
IDA only,IDX,Female share of employment in senior and middle management (%),SL.EMP.SMGT.FE.ZS,,,,,,,,,,,,,,,,,,,,,,,,,,,,,,,,,,,,,,,,,,,,,,,,,,,,,,,,,,,,,
Isle of Man,IMN,Female share of employment in senior and middle management (%),SL.EMP.SMGT.FE.ZS,,,,,,,,,,,,,,,,,,,,,,,,,,,,,,,,,,,,,,,,,,,,,,,,,,,,,,,,,,,,,
India,IND,Female share of employment in senior and middle management (%),SL.EMP.SMGT.FE.ZS,,,,,,,,,,,,,,,,,,,,,,,,,,,,,,,,,,,,,,,,,,,,,,,,,,,12.27999973,,12.97000027,,,,,,13.71000004,,
Not classified,INX,Female share of employment in senior and middle management (%),SL.EMP.SMGT.FE.ZS,,,,,,,,,,,,,,,,,,,,,,,,,,,,,,,,,,,,,,,,,,,,,,,,,,,,,,,,,,,,,
Ireland,IRL,Female share of employment in senior and middle management (%),SL.EMP.SMGT.FE.ZS,,,,,,,,,,,,,,,,,,,,,,,,,,,,,,,,,,,,,,,,,35.22999954,39.88999939,38.65999985,40.79999924,39.72000122,43.59000015,41.41999817,40.25999832,42.22000122,40.97000122,40.70999908,30.42000008,30.60000038,30.48999977,31.63999939,30.93000031,32.36999893,31.88999939,33.50999832,31.26000023,
"Iran, Islamic Rep.",IRN,Female share of employment in senior and middle management (%),SL.EMP.SMGT.FE.ZS,,,,,,,,,,,,,,,,,,,,,,,,,,,,,,,,,,,,,,,,,,,,,,,,,,,,,,,,,,,,,
Iraq,IRQ,Female share of employment in senior and middle management (%),SL.EMP.SMGT.FE.ZS,,,,,,,,,,,,,,,,,,,,,,,,,,,,,,,,,,,,,,,,,,,,,,,,,,,,,,,,,,,,,
Iceland,ISL,Female share of employment in senior and middle management (%),SL.EMP.SMGT.FE.ZS,,,,,,,,,,,,,,,,,,,,,,,,,,,,,,,,,,,,,,,,,,,,,,30.04000092,33.97000122,33.06000137,36.95999908,38.34999847,37.13999939,39.09000015,38.20000076,37.86999893,38.24000168,39.50999832,34.75999832,32.95999908,43.04999924,44.00999832,
Israel,ISR,Female share of employment in senior and middle management (%),SL.EMP.SMGT.FE.ZS,,,,,,,,,,,,,,,,,,,,,,,,,,,,,,,,,,,,,,,,,,,,,,,,,,,,,31.70000076,32.5,32.40999985,31.93000031,34.33000183,34.84000015,,,
Italy,ITA,Female share of employment in senior and middle management (%),SL.EMP.SMGT.FE.ZS,,,,,,,,,,,,,,,,,,,,,,,,,,,,,,,,,,,,,,,,,,,,,18.77000046,19.67000008,21.77000046,22.03000069,21.62000084,21.56999969,21.15999985,21.59000015,22.20999908,22.02000046,21.89999962,21.75,22.04000092,22.34000015,23.14999962,23.27000046,
Jamaica,JAM,Female share of employment in senior and middle management (%),SL.EMP.SMGT.FE.ZS,,,,,,,,,,,,,,,,,,,,,,,,,,,,,,,,,,,,,,,,,,,,,,,,,,,,,,,,,,,,,
Jordan,JOR,Female share of employment in senior and middle management (%),SL.EMP.SMGT.FE.ZS,,,,,,,,,,,,,,,,,,,,,,,,,,,,,,,,,,,,,,,,,,,,,,,,,,,,,,,,,,,,,
Japan,JPN,Female share of employment in senior and middle management (%),SL.EMP.SMGT.FE.ZS,,,,,,,,,,,,,,,,,,,,,,,,,,,,,,,,,,,,,,,,,,,,,,,,,,,,,,,,,,,,,
Kazakhstan,KAZ,Female share of employment in senior and middle management (%),SL.EMP.SMGT.FE.ZS,,,,,,,,,,,,,,,,,,,,,,,,,,,,,,,,,,,,,,,,,,,,,,,,,,,,,,,,,,,,,
Kenya,KEN,Female share of employment in senior and middle management (%),SL.EMP.SMGT.FE.ZS,,,,,,,,,,,,,,,,,,,,,,,,,,,,,,,,,,,,,,,,,,,,,,,,,,,,,,,,,,,,,
Kyrgyz Republic,KGZ,Female share of employment in senior and middle management (%),SL.EMP.SMGT.FE.ZS,,,,,,,,,,,,,,,,,,,,,,,,,,,,,,,,,,,,,,,,,,,,,,,,,,,,,,,,,,,,,
Cambodia,KHM,Female share of employment in senior and middle management (%),SL.EMP.SMGT.FE.ZS,,,,,,,,,,,,,,,,,,,,,,,,,,,,,,,,,,,,,,,,,15.35999966,10.56000042,,,,,,,,,12.80000019,14.64000034,16.67000008,22.46999931,15.89000034,25.09000015,33.13999939,20.14999962,,,
Kiribati,KIR,Female share of employment in senior and middle management (%),SL.EMP.SMGT.FE.ZS,,,,,,,,,,,,,,,,,,,,,,,,,,,,,,,,,,,,,,,,,,,,,,,,,,,,,,,,,,,,,
St. Kitts and Nevis,KNA,Female share of employment in senior and middle management (%),SL.EMP.SMGT.FE.ZS,,,,,,,,,,,,,,,,,,,,,,,,,,,,,,,,,,,,,,,,,,,,,,,,,,,,,,,,,,,,,
"Korea, Rep.",KOR,Female share of employment in senior and middle management (%),SL.EMP.SMGT.FE.ZS,,,,,,,,,,,,,,,,,,,,,,,,,,,,,,,,,,,,,,,,,,,,,,,,,,,,,,,,,,,,,
Kuwait,KWT,Female share of employment in senior and middle management (%),SL.EMP.SMGT.FE.ZS,,,,,,,,,,,,,,,,,,,,,,,,,,,,,,,,,,,,,,,,,,,,,,,,,,,,,,,,,,,,,
Latin America & Caribbean (excluding high income),LAC,Female share of employment in senior and middle management (%),SL.EMP.SMGT.FE.ZS,,,,,,,,,,,,,,,,,,,,,,,,,,,,,,,,,,,,,,,,,,,,,,,,,,,,,,,,,,,,,
Lao PDR,LAO,Female share of employment in senior and middle management (%),SL.EMP.SMGT.FE.ZS,,,,,,,,,,,,,,,,,,,,,,,,,,,,,,,,,,,,,,,,,,,,,,,,,,,,,,,,,,23.37000084,,,
Lebanon,LBN,Female share of employment in senior and middle management (%),SL.EMP.SMGT.FE.ZS,,,,,,,,,,,,,,,,,,,,,,,,,,,,,,,,,,,,,,,,,,,,,,,,,,,,,,,,,,,,,
Liberia,LBR,Female share of employment in senior and middle management (%),SL.EMP.SMGT.FE.ZS,,,,,,,,,,,,,,,,,,,,,,,,,,,,,,,,,,,,,,,,,,,,,,,,,,,20.04999924,,,,,,,,,,
Libya,LBY,Female share of employment in senior and middle management (%),SL.EMP.SMGT.FE.ZS,,,,,,,,,,,,,,,,,,,,,,,,,,,,,,,,,,,,,,,,,,,,,,,,,,,,,,,,,,,,,
St. Lucia,LCA,Female share of employment in senior and middle management (%),SL.EMP.SMGT.FE.ZS,,,,,,,,,,,,,,,,,,,,,,,,,,,,,,,,,,,,,,,,,,,,,,,,,,,,,,,,,,,,,
Latin America & Caribbean,LCN,Female share of employment in senior and middle management (%),SL.EMP.SMGT.FE.ZS,,,,,,,,,,,,,,,,,,,,,,,,,,,,,,,,,,,,,,,,,,,,,,,,,,,,,,,,,,,,,
Least developed countries: UN classification,LDC,Female share of employment in senior and middle management (%),SL.EMP.SMGT.FE.ZS,,,,,,,,,,,,,,,,,,,,,,,,,,,,,,,,,,,,,,,,,,,,,,,,,,,,,,,,,,,,,
Low income,LIC,Female share of employment in senior and middle management (%),SL.EMP.SMGT.FE.ZS,,,,,,,,,,,,,,,,,,,,,,,,,,,,,,,,,,,,,,,,,,,,,,,,,,,,,,,,,,,,,
Liechtenstein,LIE,Female share of employment in senior and middle management (%),SL.EMP.SMGT.FE.ZS,,,,,,,,,,,,,,,,,,,,,,,,,,,,,,,,,,,,,,,,,,,,,,,,,,,,,,,,,,,,,
Sri Lanka,LKA,Female share of employment in senior and middle management (%),SL.EMP.SMGT.FE.ZS,,,,,,,,,,,,,,,,,,,,,,,,,,,,,,,,,,,,,,,,,,,,,,,,,,,23.72999954,25.35000038,,23.31999969,24,23.73999977,25.63999939,23.17000008,22.52000046,,
Lower middle income,LMC,Female share of employment in senior and middle management (%),SL.EMP.SMGT.FE.ZS,,,,,,,,,,,,,,,,,,,,,,,,,,,,,,,,,,,,,,,,,,,,,,,,,,,,,,,,,,,,,
Low & middle income,LMY,Female share of employment in senior and middle management (%),SL.EMP.SMGT.FE.ZS,,,,,,,,,,,,,,,,,,,,,,,,,,,,,,,,,,,,,,,,,,,,,,,,,,,,,,,,,,,,,
Lesotho,LSO,Female share of employment in senior and middle management (%),SL.EMP.SMGT.FE.ZS,,,,,,,,,,,,,,,,,,,,,,,,,,,,,,,,,,,,,,,,,,,,,,,,,,,,,,,,,,,,,
Late-demographic dividend,LTE,Female share of employment in senior and middle management (%),SL.EMP.SMGT.FE.ZS,,,,,,,,,,,,,,,,,,,,,,,,,,,,,,,,,,,,,,,,,,,,,,,,,,,,,,,,,,,,,
Lithuania,LTU,Female share of employment in senior and middle management (%),SL.EMP.SMGT.FE.ZS,,,,,,,,,,,,,,,,,,,,,,,,,,,,,,,,,,,,,,,,,42.47999954,50.02999878,48.45000076,41.49000168,46.79999924,44.95999908,42.75999832,40.27999878,41.45000076,40.29000092,41.97999954,36.47000122,35.29999924,36.45999908,35.36000061,38.09999847,38.81999969,37.91999817,38.15999985,38.59000015,
Luxembourg,LUX,Female share of employment in senior and middle management (%),SL.EMP.SMGT.FE.ZS,,,,,,,,,,,,,,,,,,,,,,,,,,,,,,,,,,,,,,,,,24.12999916,11.10000038,14.97000027,11.17000008,12.17000008,9.350000381,21.15999985,9.739999771,15.31000042,15.43000031,19.63999939,18.28000069,,,17.89999962,,,,,,
Latvia,LVA,Female share of employment in senior and middle management (%),SL.EMP.SMGT.FE.ZS,,,,,,,,,,,,,,,,,,,,,,,,,,,,,,,,,,,,,,,,,37.06999969,39.97999954,38.09000015,45.38000107,42.47000122,42,40.86000061,42.11000061,41.25,41.45999908,39.08000183,44.34000015,44.63999939,42.22000122,42.04999924,44.25999832,46.29999924,44.13999939,43.22000122,43.54000092,
"Macao SAR, China",MAC,Female share of employment in senior and middle management (%),SL.EMP.SMGT.FE.ZS,,,,,,,,,,,,,,,,,,,,,,,,,,,,,,,,,,,,,,,,,,,,,,,,,,,,,,,,,,,,,
St. Martin (French part),MAF,Female share of employment in senior and middle management (%),SL.EMP.SMGT.FE.ZS,,,,,,,,,,,,,,,,,,,,,,,,,,,,,,,,,,,,,,,,,,,,,,,,,,,,,,,,,,,,,
Morocco,MAR,Female share of employment in senior and middle management (%),SL.EMP.SMGT.FE.ZS,,,,,,,,,,,,,,,,,,,,,,,,,,,,,,,,,,,,,,,,,,,,,,,,,,,,,,,,,,,,,
Monaco,MCO,Female share of employment in senior and middle management (%),SL.EMP.SMGT.FE.ZS,,,,,,,,,,,,,,,,,,,,,,,,,,,,,,,,,,,,,,,,,,,,,,,,,,,,,,,,,,,,,
Moldova,MDA,Female share of employment in senior and middle management (%),SL.EMP.SMGT.FE.ZS,,,,,,,,,,,,,,,,,,,,,,,,,,,,,,,,,,,,,,,,,,,,,,,,,,,,,,,,,,,,,
Madagascar,MDG,Female share of employment in senior and middle management (%),SL.EMP.SMGT.FE.ZS,,,,,,,,,,,,,,,,,,,,,,,,,,,,,,,,,,,,,,,,,,,,,,,,,,,,,24.45000076,,,,,,,,
Maldives,MDV,Female share of employment in senior and middle management (%),SL.EMP.SMGT.FE.ZS,,,,,,,,,,,,,,,,,,,,,,,,,,,,,,,,,,,,,,,,,,,,,,,,,,16.65999985,,,,,,,19.52000046,,,,
Middle East & North Africa,MEA,Female share of employment in senior and middle management (%),SL.EMP.SMGT.FE.ZS,,,,,,,,,,,,,,,,,,,,,,,,,,,,,,,,,,,,,,,,,,,,,,,,,,,,,,,,,,,,,
Mexico,MEX,Female share of employment in senior and middle management (%),SL.EMP.SMGT.FE.ZS,,,,,,,,,,,,,,,,,,,,,,,,,,,,,,,,,,,,,,,,,,,,,,,,,,,,,,34.86000061,35.27000046,34.79999924,35.15999985,36.43999863,35.59000015,35.52000046,
Marshall Islands,MHL,Female share of employment in senior and middle management (%),SL.EMP.SMGT.FE.ZS,,,,,,,,,,,,,,,,,,,,,,,,,,,,,,,,,,,,,,,,,,,,,,,,,,,,,,,,,,,,,
Middle income,MIC,Female share of employment in senior and middle management (%),SL.EMP.SMGT.FE.ZS,,,,,,,,,,,,,,,,,,,,,,,,,,,,,,,,,,,,,,,,,,,,,,,,,,,,,,,,,,,,,
North Macedonia,MKD,Female share of employment in senior and middle management (%),SL.EMP.SMGT.FE.ZS,,,,,,,,,,,,,,,,,,,,,,,,,,,,,,,,,,,,,,,,,,,,,,,23.55999947,30.81999969,30.22999954,36.88999939,30.69000053,26.29000092,23.28000069,24.67000008,25.95000076,23,27.27000046,22.54000092,28.20999908,28.14999962,
Mali,MLI,Female share of employment in senior and middle management (%),SL.EMP.SMGT.FE.ZS,,,,,,,,,,,,,,,,,,,,,,,,,,,,,,,,,,,,,,,,,,,,,,,,,,,,,,,,,,,,,
Malta,MLT,Female share of employment in senior and middle management (%),SL.EMP.SMGT.FE.ZS,,,,,,,,,,,,,,,,,,,,,,,,,,,,,,,,,,,,,,,,,17.53000069,16.29999924,18.19000053,16.90999985,,,19.93000031,18.35000038,15.86999989,,,24.80999947,27.37000084,28.57999992,25.31999969,25.46999931,28.30999947,28.10000038,27.61000061,30.01000023,
Myanmar,MMR,Female share of employment in senior and middle management (%),SL.EMP.SMGT.FE.ZS,,,,,,,,,,,,,,,,,,,,,,,,,,,,,,,,,,,,,,,,,,,,,,,,,,,,,,,,28.34000015,,31.47999954,32.06000137,34.13999939,
Middle East & North Africa (excluding high income),MNA,Female share of employment in senior and middle management (%),SL.EMP.SMGT.FE.ZS,,,,,,,,,,,,,,,,,,,,,,,,,,,,,,,,,,,,,,,,,,,,,,,,,,,,,,,,,,,,,
Montenegro,MNE,Female share of employment in senior and middle management (%),SL.EMP.SMGT.FE.ZS,,,,,,,,,,,,,,,,,,,,,,,,,,,,,,,,,,,,,,,,,,,,,,,,,,,,36.13999939,24.82999992,22.65999985,24.62000084,17.56999969,24.88999939,25.42000008,23.82999992,28.20000076,
Mongolia,MNG,Female share of employment in senior and middle management (%),SL.EMP.SMGT.FE.ZS,,,,,,,,,,,,,,,,,,,,,,,,,,,,,,,,,,,,,,,,,,,,,,,,,41.59999847,38.31999969,37.88999939,37.91999817,38.68000031,37.29000092,34.15999985,37.77000046,36.70999908,40.00999832,36.02000046,43,
Northern Mariana Islands,MNP,Female share of employment in senior and middle management (%),SL.EMP.SMGT.FE.ZS,,,,,,,,,,,,,,,,,,,,,,,,,,,,,,,,,,,,,,,,,,,,,,,,,,,,,,,,,,,,,
Mozambique,MOZ,Female share of employment in senior and middle management (%),SL.EMP.SMGT.FE.ZS,,,,,,,,,,,,,,,,,,,,,,,,,,,,,,,,,,,,,,,,,,,,,,,,,,,,,,,,22.14999962,,,,,
Mauritania,MRT,Female share of employment in senior and middle management (%),SL.EMP.SMGT.FE.ZS,,,,,,,,,,,,,,,,,,,,,,,,,,,,,,,,,,,,,,,,,,,,,,,,,,,,,,,,,,,,,
Mauritius,MUS,Female share of employment in senior and middle management (%),SL.EMP.SMGT.FE.ZS,,,,,,,,,,,,,,,,,,,,,,,,,,,,,,,,,,,,,,,,,,,,,,,,,,,,21.32999992,23.09000015,28.93000031,27.26000023,27.77000046,29.5,30.81999969,31.03000069,,
Malawi,MWI,Female share of employment in senior and middle management (%),SL.EMP.SMGT.FE.ZS,,,,,,,,,,,,,,,,,,,,,,,,,,,,,,,,,,,,,,,,,,,,,,,,,,,,,,,,,,,,,
Malaysia,MYS,Female share of employment in senior and middle management (%),SL.EMP.SMGT.FE.ZS,,,,,,,,,,,,,,,,,,,,,,,,,,,,,,,,,,,,,,,,,,,,,,,,,,,,,,,,,,,,,
North America,NAC,Female share of employment in senior and middle management (%),SL.EMP.SMGT.FE.ZS,,,,,,,,,,,,,,,,,,,,,,,,,,,,,,,,,,,,,,,,,,,,,,,,,,,,,,,,,,,,,
Namibia,NAM,Female share of employment in senior and middle management (%),SL.EMP.SMGT.FE.ZS,,,,,,,,,,,,,,,,,,,,,,,,,,,,,,,,,,,,,,,,,,,,,,,,,,,,,25.60000038,48.49000168,46.66999817,,48.61999893,,48.24000168,,
New Caledonia,NCL,Female share of employment in senior and middle management (%),SL.EMP.SMGT.FE.ZS,,,,,,,,,,,,,,,,,,,,,,,,,,,,,,,,,,,,,,,,,,,,,,,,,,,,,,,,,,,,,
Niger,NER,Female share of employment in senior and middle management (%),SL.EMP.SMGT.FE.ZS,,,,,,,,,,,,,,,,,,,,,,,,,,,,,,,,,,,,,,,,,,,,,,,,,,,,,,,,,,21.62000084,,,
Nigeria,NGA,Female share of employment in senior and middle management (%),SL.EMP.SMGT.FE.ZS,,,,,,,,,,,,,,,,,,,,,,,,,,,,,,,,,,,,,,,,,,,,,,,,,,,,28.90999985,,,,,,,,,
Nicaragua,NIC,Female share of employment in senior and middle management (%),SL.EMP.SMGT.FE.ZS,,,,,,,,,,,,,,,,,,,,,,,,,,,,,,,,,,,,,,,,,,,,,,,,,,,,,49.72999954,,53.68000031,,,,,,
Netherlands,NLD,Female share of employment in senior and middle management (%),SL.EMP.SMGT.FE.ZS,,,,,,,,,,,,,,,,,,,,,,,,,,,,,,,,,,,,,,,,,21.53000069,22.39999962,21.70000076,21.37999916,22.32999992,22.30999947,25.48999977,26.76000023,25.95000076,26.04000092,26.89999962,27.89999962,28.31999969,23.12999916,24.04999924,24.5,24.37999916,25.97999954,24.76000023,26.01000023,
Norway,NOR,Female share of employment in senior and middle management (%),SL.EMP.SMGT.FE.ZS,,,,,,,,,,,,,,,,,,,,,,,,,,,,,,,,,,,,,,,,,24.73999977,25.63999939,27.65999985,28.18000031,29.70999908,31.04000092,33.95000076,33.29000092,32.63999939,34.54999924,35.02999878,31.20000076,31.15999985,31.35000038,33.31999969,33.65999985,35.40000153,35.95000076,33.47000122,32.75,
Nepal,NPL,Female share of employment in senior and middle management (%),SL.EMP.SMGT.FE.ZS,,,,,,,,,,,,,,,,,,,,,,,,,,,,,,,,,,,,,,,,,,,,,,,,,,,,,,,,,,13.89999962,,,
Nauru,NRU,Female share of employment in senior and middle management (%),SL.EMP.SMGT.FE.ZS,,,,,,,,,,,,,,,,,,,,,,,,,,,,,,,,,,,,,,,,,,,,,,,,,,,,,,,,,,,,,
New Zealand,NZL,Female share of employment in senior and middle management (%),SL.EMP.SMGT.FE.ZS,,,,,,,,,,,,,,,,,,,,,,,,,,,,,,,,,,,,,,,,,,,,,,,,,,,,,,,,,,,,,
OECD members,OED,Female share of employment in senior and middle management (%),SL.EMP.SMGT.FE.ZS,,,,,,,,,,,,,,,,,,,,,,,,,,,,,,,,,,,,,,,,,,,,,,,,,,,,,,,,,,,,,
Oman,OMN,Female share of employment in senior and middle management (%),SL.EMP.SMGT.FE.ZS,,,,,,,,,,,,,,,,,,,,,,,,,,,,,,,,,,,,,,,,,,,,,,,,,,,,,,,,,,,,,
Other small states,OSS,Female share of employment in senior and middle management (%),SL.EMP.SMGT.FE.ZS,,,,,,,,,,,,,,,,,,,,,,,,,,,,,,,,,,,,,,,,,,,,,,,,,,,,,,,,,,,,,
Pakistan,PAK,Female share of employment in senior and middle management (%),SL.EMP.SMGT.FE.ZS,,,,,,,,,,,,,,,,,,,,,,,,,,,,,,,,,,,,,,,,,,,,,,,7.619999886,6.079999924,5.230000019,5.699999809,6.400000095,5.75,,4.21999979,,,,,,,
Panama,PAN,Female share of employment in senior and middle management (%),SL.EMP.SMGT.FE.ZS,,,,,,,,,,,,,,,,,,,,,,,,,,,,,,,,,,,,,,,,,,,,,,,,,,,,45.81999969,46.52000046,40.61000061,43.54000092,,,,,,
Peru,PER,Female share of employment in senior and middle management (%),SL.EMP.SMGT.FE.ZS,,,,,,,,,,,,,,,,,,,,,,,,,,,,,,,,,,,,,,,,,,,,,,,,,,,,,,,,,,,,,
Philippines,PHL,Female share of employment in senior and middle management (%),SL.EMP.SMGT.FE.ZS,,,,,,,,,,,,,,,,,,,,,,,,,,,,,,,,,,,,,,,,,,,,,,,59.31000137,38.77999878,41.68000031,42.75999832,42.20000076,41.16999817,42.15999985,43.00999832,41.75999832,42.72000122,,23.23999977,25.51000023,29.30999947,
Palau,PLW,Female share of employment in senior and middle management (%),SL.EMP.SMGT.FE.ZS,,,,,,,,,,,,,,,,,,,,,,,,,,,,,,,,,,,,,,,,,,,,,,,,,,,,,,,35.54000092,,,,,,
Papua New Guinea,PNG,Female share of employment in senior and middle management (%),SL.EMP.SMGT.FE.ZS,,,,,,,,,,,,,,,,,,,,,,,,,,,,,,,,,,,,,,,,,,,,,,,,,,,19.29000092,,,,,,,,,,
Poland,POL,Female share of employment in senior and middle management (%),SL.EMP.SMGT.FE.ZS,,,,,,,,,,,,,,,,,,,,,,,,,,,,,,,,,,,,,,,,,31.35000038,27.67000008,29.31999969,33.97999954,35.34999847,34.06000137,36.06000137,37.11999893,36.20000076,36.04000092,37.45999908,35.90999985,35.04000092,35.45000076,36.36000061,37.43000031,38.13000107,38.18999863,39.52000046,41.15000153,
Pre-demographic dividend,PRE,Female share of employment in senior and middle management (%),SL.EMP.SMGT.FE.ZS,,,,,,,,,,,,,,,,,,,,,,,,,,,,,,,,,,,,,,,,,,,,,,,,,,,,,,,,,,,,,
Puerto Rico,PRI,Female share of employment in senior and middle management (%),SL.EMP.SMGT.FE.ZS,,,,,,,,,,,,,,,,,,,,,,,,,,,,,,,,,,,,,,,,,,,,,,,,,,,,,,,,,,,,,
"Korea, Dem. People’s Rep.",PRK,Female share of employment in senior and middle management (%),SL.EMP.SMGT.FE.ZS,,,,,,,,,,,,,,,,,,,,,,,,,,,,,,,,,,,,,,,,,,,,,,,,,,,,,,,,,,,,,
Portugal,PRT,Female share of employment in senior and middle management (%),SL.EMP.SMGT.FE.ZS,,,,,,,,,,,,,,,,,,,,,,,,,,,,,,,,,,,,,,,,,21.88999939,22.63999939,28.34000015,27.07999992,30.04999924,29.12000084,31.43000031,30.80999947,31.31999969,34.40000153,35.70999908,26.14999962,27.89999962,27.61000061,31.84000015,30.37000084,32.24000168,30.44000053,32.15999985,36.97000122,
Paraguay,PRY,Female share of employment in senior and middle management (%),SL.EMP.SMGT.FE.ZS,,,,,,,,,,,,,,,,,,,,,,,,,,,,,,,,,,,,,,,,,,,,,,,,,,,,,,,,,,,,,
West Bank and Gaza,PSE,Female share of employment in senior and middle management (%),SL.EMP.SMGT.FE.ZS,,,,,,,,,,,,,,,,,,,,,,,,,,,,,,,,,,,,,,,,,23.11000061,22.89999962,19.87999916,23.77000046,20.15999985,21.95000076,19.84000015,18.38999939,19.55999947,,21.67000008,21.45999908,15.5,,,,,,17.82999992,,
Pacific island small states,PSS,Female share of employment in senior and middle management (%),SL.EMP.SMGT.FE.ZS,,,,,,,,,,,,,,,,,,,,,,,,,,,,,,,,,,,,,,,,,,,,,,,,,,,,,,,,,,,,,
Post-demographic dividend,PST,Female share of employment in senior and middle management (%),SL.EMP.SMGT.FE.ZS,,,,,,,,,,,,,,,,,,,,,,,,,,,,,,,,,,,,,,,,,,,,,,,,,,,,,,,,,,,,,
French Polynesia,PYF,Female share of employment in senior and middle management (%),SL.EMP.SMGT.FE.ZS,,,,,,,,,,,,,,,,,,,,,,,,,,,,,,,,,,,,,,,,,,,,,,,,,,,,,,,,,,,,,
Qatar,QAT,Female share of employment in senior and middle management (%),SL.EMP.SMGT.FE.ZS,,,,,,,,,,,,,,,,,,,,,,,,,,,,,,,,,,,,,,,,,,,,,,,,,,,,,,,,,,,,,
Romania,ROU,Female share of employment in senior and middle management (%),SL.EMP.SMGT.FE.ZS,,,,,,,,,,,,,,,,,,,,,,,,,,,,,,,,,,,,,,,,,,,,,,31.69000053,33.68999863,32.54999924,34.34000015,36.40000153,36.27999878,31.85000038,30.82999992,30.57999992,30.72999954,31.53000069,32.41999817,30.09000015,30.05999947,34.18999863,
Russian Federation,RUS,Female share of employment in senior and middle management (%),SL.EMP.SMGT.FE.ZS,,,,,,,,,,,,,,,,,,,,,,,,,,,,,,,,,,,,,,,,,,,,,,,,,,,,,,,,,40.36999893,39.29999924,39.75,41.99000168,
Rwanda,RWA,Female share of employment in senior and middle management (%),SL.EMP.SMGT.FE.ZS,,,,,,,,,,,,,,,,,,,,,,,,,,,,,,,,,,,,,,,,,,,,,,,,,,,,,,,,,,36.29999924,33.22000122,,
South Asia,SAS,Female share of employment in senior and middle management (%),SL.EMP.SMGT.FE.ZS,,,,,,,,,,,,,,,,,,,,,,,,,,,,,,,,,,,,,,,,,,,,,,,,,,,,,,,,,,,,,
Saudi Arabia,SAU,Female share of employment in senior and middle management (%),SL.EMP.SMGT.FE.ZS,,,,,,,,,,,,,,,,,,,,,,,,,,,,,,,,,,,,,,,,,,,,,,,,,,,,,,,,,,,,,
Sudan,SDN,Female share of employment in senior and middle management (%),SL.EMP.SMGT.FE.ZS,,,,,,,,,,,,,,,,,,,,,,,,,,,,,,,,,,,,,,,,,,,,,,,,,,,,,,,,,,,,,
Senegal,SEN,Female share of employment in senior and middle management (%),SL.EMP.SMGT.FE.ZS,,,,,,,,,,,,,,,,,,,,,,,,,,,,,,,,,,,,,,,,,,,,,,,,,,,,,,,,,,,,,
Singapore,SGP,Female share of employment in senior and middle management (%),SL.EMP.SMGT.FE.ZS,,,,,,,,,,,,,,,,,,,,,,,,,,,,,,,,,,,,,,,,,,,,,,,,,,,,,,,,,,,,,
Solomon Islands,SLB,Female share of employment in senior and middle management (%),SL.EMP.SMGT.FE.ZS,,,,,,,,,,,,,,,,,,,,,,,,,,,,,,,,,,,,,,,,,,,,,,,,,,,,,,25.07999992,,,,,,,
Sierra Leone,SLE,Female share of employment in senior and middle management (%),SL.EMP.SMGT.FE.ZS,,,,,,,,,,,,,,,,,,,,,,,,,,,,,,,,,,,,,,,,,,,,,,,,,,,,,,,,,,,,,
El Salvador,SLV,Female share of employment in senior and middle management (%),SL.EMP.SMGT.FE.ZS,,,,,,,,,,,,,,,,,,,,,,,,,,,,,,,,,,,,,,,,,,,,,,,,,,,37.63999939,42.93000031,55.83000183,42.68999863,35.58000183,40.66999817,34.08000183,32.65000153,35.74000168,43.13000107,
San Marino,SMR,Female share of employment in senior and middle management (%),SL.EMP.SMGT.FE.ZS,,,,,,,,,,,,,,,,,,,,,,,,,,,,,,,,,,,,,,,,,,,,,,,,,,,,,,,,,,,,,
Somalia,SOM,Female share of employment in senior and middle management (%),SL.EMP.SMGT.FE.ZS,,,,,,,,,,,,,,,,,,,,,,,,,,,,,,,,,,,,,,,,,,,,,,,,,,,,,,,,,,,,,
Serbia,SRB,Female share of employment in senior and middle management (%),SL.EMP.SMGT.FE.ZS,,,,,,,,,,,,,,,,,,,,,,,,,,,,,,,,,,,,,,,,,,,,,,,,,36.56999969,39.40999985,,,,32.68000031,31.45999908,30.89999962,30.88999939,30.26000023,29.79000092,33.56999969,
Sub-Saharan Africa (excluding high income),SSA,Female share of employment in senior and middle management (%),SL.EMP.SMGT.FE.ZS,,,,,,,,,,,,,,,,,,,,,,,,,,,,,,,,,,,,,,,,,,,,,,,,,,,,,,,,,,,,,
South Sudan,SSD,Female share of employment in senior and middle management (%),SL.EMP.SMGT.FE.ZS,,,,,,,,,,,,,,,,,,,,,,,,,,,,,,,,,,,,,,,,,,,,,,,,,,,,,,,,,,,,,
Sub-Saharan Africa,SSF,Female share of employment in senior and middle management (%),SL.EMP.SMGT.FE.ZS,,,,,,,,,,,,,,,,,,,,,,,,,,,,,,,,,,,,,,,,,,,,,,,,,,,,,,,,,,,,,
Small states,SST,Female share of employment in senior and middle management (%),SL.EMP.SMGT.FE.ZS,,,,,,,,,,,,,,,,,,,,,,,,,,,,,,,,,,,,,,,,,,,,,,,,,,,,,,,,,,,,,
Sao Tome and Principe,STP,Female share of employment in senior and middle management (%),SL.EMP.SMGT.FE.ZS,,,,,,,,,,,,,,,,,,,,,,,,,,,,,,,,,,,,,,,,,,,,,,,,,,,,,,,,,,,,,
Suriname,SUR,Female share of employment in senior and middle management (%),SL.EMP.SMGT.FE.ZS,,,,,,,,,,,,,,,,,,,,,,,,,,,,,,,,,,,,,,,,,,,,,,,,,,,,,,,,,,,,,
Slovak Republic,SVK,Female share of employment in senior and middle management (%),SL.EMP.SMGT.FE.ZS,,,,,,,,,,,,,,,,,,,,,,,,,,,,,,,,,,,,,,,,,32.47999954,34.36000061,33.13999939,34.08000183,30.57999992,30.02000046,27.38999939,31.82999992,29.14999962,31.68000031,35.58000183,27.68000031,30.39999962,30.27000046,28.21999931,27.81999969,34.25999832,30.27000046,30.37000084,33.29999924,
Slovenia,SVN,Female share of employment in senior and middle management (%),SL.EMP.SMGT.FE.ZS,,,,,,,,,,,,,,,,,,,,,,,,,,,,,,,,,,,,,,,,,34.61000061,36.43000031,35.77000046,41.91999817,40.20000076,42.02000046,41.97000122,37.54999924,43.29000092,44.68999863,43.25,38.91999817,40.25999832,38.54999924,36.47000122,36.97999954,41.77000046,41.88999939,38.22000122,40.50999832,
Sweden,SWE,Female share of employment in senior and middle management (%),SL.EMP.SMGT.FE.ZS,,,,,,,,,,,,,,,,,,,,,,,,,,,,,,,,,,,,,,,,,27.57999992,31.15999985,32.25,30.54000092,31.63999939,31.90999985,31.72999954,31.02000046,30.81999969,31.12999916,31.31999969,33.50999832,34.5,35.52000046,37.47000122,39.79000092,39.50999832,39.43000031,39.04000092,41.84999847,
Eswatini,SWZ,Female share of employment in senior and middle management (%),SL.EMP.SMGT.FE.ZS,,,,,,,,,,,,,,,,,,,,,,,,,,,,,,,,,,,,,,,,,,,,,,,,,,,,,,,,,54.63999939,,,,
Sint Maarten (Dutch part),SXM,Female share of employment in senior and middle management (%),SL.EMP.SMGT.FE.ZS,,,,,,,,,,,,,,,,,,,,,,,,,,,,,,,,,,,,,,,,,,,,,,,,,,,,,,,,,,,,,
Seychelles,SYC,Female share of employment in senior and middle management (%),SL.EMP.SMGT.FE.ZS,,,,,,,,,,,,,,,,,,,,,,,,,,,,,,,,,,,,,,,,,,,,,,,,,,,,,,,44.86999893,49,43.79000092,,,47.34999847,
Syrian Arab Republic,SYR,Female share of employment in senior and middle management (%),SL.EMP.SMGT.FE.ZS,,,,,,,,,,,,,,,,,,,,,,,,,,,,,,,,,,,,,,,,,,,,,,,,,,,,,,,,,,,,,
Turks and Caicos Islands,TCA,Female share of employment in senior and middle management (%),SL.EMP.SMGT.FE.ZS,,,,,,,,,,,,,,,,,,,,,,,,,,,,,,,,,,,,,,,,,,,,,,,,,,,,,,,,,,,,,
Chad,TCD,Female share of employment in senior and middle management (%),SL.EMP.SMGT.FE.ZS,,,,,,,,,,,,,,,,,,,,,,,,,,,,,,,,,,,,,,,,,,,,,,,,,,,,,,,,,,,,,
East Asia & Pacific (IDA & IBRD countries),TEA,Female share of employment in senior and middle management (%),SL.EMP.SMGT.FE.ZS,,,,,,,,,,,,,,,,,,,,,,,,,,,,,,,,,,,,,,,,,,,,,,,,,,,,,,,,,,,,,
Europe & Central Asia (IDA & IBRD countries),TEC,Female share of employment in senior and middle management (%),SL.EMP.SMGT.FE.ZS,,,,,,,,,,,,,,,,,,,,,,,,,,,,,,,,,,,,,,,,,,,,,,,,,,,,,,,,,,,,,
Togo,TGO,Female share of employment in senior and middle management (%),SL.EMP.SMGT.FE.ZS,,,,,,,,,,,,,,,,,,,,,,,,,,,,,,,,,,,,,,,,,,,,,,,,,,,,,,,,,,29.52000046,,,
Thailand,THA,Female share of employment in senior and middle management (%),SL.EMP.SMGT.FE.ZS,,,,,,,,,,,,,,,,,,,,,,,,,,,,,,,,,,,,,,,,,,,,,,,,,,,24.35000038,,,27.09000015,29.37000084,29.82999992,29.53000069,30.76000023,30.87000084,30.95999908,
Tajikistan,TJK,Female share of employment in senior and middle management (%),SL.EMP.SMGT.FE.ZS,,,,,,,,,,,,,,,,,,,,,,,,,,,,,,,,,,,,,,,,,,,,,,,,,,,,,,,,,,,,,
Turkmenistan,TKM,Female share of employment in senior and middle management (%),SL.EMP.SMGT.FE.ZS,,,,,,,,,,,,,,,,,,,,,,,,,,,,,,,,,,,,,,,,,,,,,,,,,,,,,,,,,,,,,
Latin America & the Caribbean (IDA & IBRD countries),TLA,Female share of employment in senior and middle management (%),SL.EMP.SMGT.FE.ZS,,,,,,,,,,,,,,,,,,,,,,,,,,,,,,,,,,,,,,,,,,,,,,,,,,,,,,,,,,,,,
Timor-Leste,TLS,Female share of employment in senior and middle management (%),SL.EMP.SMGT.FE.ZS,,,,,,,,,,,,,,,,,,,,,,,,,,,,,,,,,,,,,,,,,,,,,,,,,,,,,,,,,,,,,
Middle East & North Africa (IDA & IBRD countries),TMN,Female share of employment in senior and middle management (%),SL.EMP.SMGT.FE.ZS,,,,,,,,,,,,,,,,,,,,,,,,,,,,,,,,,,,,,,,,,,,,,,,,,,,,,,,,,,,,,
Tonga,TON,Female share of employment in senior and middle management (%),SL.EMP.SMGT.FE.ZS,,,,,,,,,,,,,,,,,,,,,,,,,,,,,,,,,,,,,,,,,,,,,,,,,,,,,,,,,,,40.34000015,,
South Asia (IDA & IBRD),TSA,Female share of employment in senior and middle management (%),SL.EMP.SMGT.FE.ZS,,,,,,,,,,,,,,,,,,,,,,,,,,,,,,,,,,,,,,,,,,,,,,,,,,,,,,,,,,,,,
Sub-Saharan Africa (IDA & IBRD countries),TSS,Female share of employment in senior and middle management (%),SL.EMP.SMGT.FE.ZS,,,,,,,,,,,,,,,,,,,,,,,,,,,,,,,,,,,,,,,,,,,,,,,,,,,,,,,,,,,,,
Trinidad and Tobago,TTO,Female share of employment in senior and middle management (%),SL.EMP.SMGT.FE.ZS,,,,,,,,,,,,,,,,,,,,,,,,,,,,,,,,,,,,,,,,,,,,,,,,,,,,,,,,,,,,,
Tunisia,TUN,Female share of employment in senior and middle management (%),SL.EMP.SMGT.FE.ZS,,,,,,,,,,,,,,,,,,,,,,,,,,,,,,,,,,,,,,,,,,,,,,,,,,18.25,19.26000023,,,,,,,,,,
Turkey,TUR,Female share of employment in senior and middle management (%),SL.EMP.SMGT.FE.ZS,,,,,,,,,,,,,,,,,,,,,,,,,,,,,,,,,,,,,,,,,,,,,,,17.26000023,18,19.37999916,20.07999992,18.76000023,13,14.34000015,16.56999969,15.53999996,14.43000031,16.70000076,17.27000046,16.32999992,17.45999908,
Tuvalu,TUV,Female share of employment in senior and middle management (%),SL.EMP.SMGT.FE.ZS,,,,,,,,,,,,,,,,,,,,,,,,,,,,,,,,,,,,,,,,,,,,,,,,,,,,,,,,,36.72999954,,,,
Tanzania,TZA,Female share of employment in senior and middle management (%),SL.EMP.SMGT.FE.ZS,,,,,,,,,,,,,,,,,,,,,,,,,,,,,,,,,,,,,,,,,,11.72000027,,,,,,,,,,,,,17.34000015,,,,,,
Uganda,UGA,Female share of employment in senior and middle management (%),SL.EMP.SMGT.FE.ZS,,,,,,,,,,,,,,,,,,,,,,,,,,,,,,,,,,,,,,,,,,,,,,,,,,,,,,,,,,25.45000076,,,
Ukraine,UKR,Female share of employment in senior and middle management (%),SL.EMP.SMGT.FE.ZS,,,,,,,,,,,,,,,,,,,,,,,,,,,,,,,,,,,,,,,,,,,,,,,,,,,,,,,,,,,,,
Upper middle income,UMC,Female share of employment in senior and middle management (%),SL.EMP.SMGT.FE.ZS,,,,,,,,,,,,,,,,,,,,,,,,,,,,,,,,,,,,,,,,,,,,,,,,,,,,,,,,,,,,,
Uruguay,URY,Female share of employment in senior and middle management (%),SL.EMP.SMGT.FE.ZS,,,,,,,,,,,,,,,,,,,,,,,,,,,,,,,,,,,,,,,,,20.45999908,15.09000015,13.71000004,13.26000023,11.39000034,17.28000069,23.43000031,22.12000084,17.87999916,22.52000046,23.64999962,31.23999977,36.47000122,34.18000031,31.79999924,34.00999832,33.66999817,35.04999924,37.27000046,35.18000031,
United States,USA,Female share of employment in senior and middle management (%),SL.EMP.SMGT.FE.ZS,,,,,,,,,,,,,,,,,,,,,,,,,,,,,,,,,,,,,,,,,35.31000137,35.88000107,36.40000153,37.38000107,37.27000046,37.56000137,36.95000076,37.95000076,37.95000076,38.06999969,38.79999924,38.59000015,39.06999969,38.75,38.79999924,39.36999893,39.72999954,40.52999878,40.47000122,40.84999847,
Uzbekistan,UZB,Female share of employment in senior and middle management (%),SL.EMP.SMGT.FE.ZS,,,,,,,,,,,,,,,,,,,,,,,,,,,,,,,,,,,,,,,,,,,,,,,,,,,,,,,,,,,,,
St. Vincent and the Grenadines,VCT,Female share of employment in senior and middle management (%),SL.EMP.SMGT.FE.ZS,,,,,,,,,,,,,,,,,,,,,,,,,,,,,,,,,,,,,,,,,,,,,,,,,,,,,,,,,,,,,
"Venezuela, RB",VEN,Female share of employment in senior and middle management (%),SL.EMP.SMGT.FE.ZS,,,,,,,,,,,,,,,,,,,,,,,,,,,,,,,,,,,,,,,,,,,,,,,,,,,,,,,,,,,,,
British Virgin Islands,VGB,Female share of employment in senior and middle management (%),SL.EMP.SMGT.FE.ZS,,,,,,,,,,,,,,,,,,,,,,,,,,,,,,,,,,,,,,,,,,,,,,,,,,,,,,,,,,,,,
Virgin Islands (U.S.),VIR,Female share of employment in senior and middle management (%),SL.EMP.SMGT.FE.ZS,,,,,,,,,,,,,,,,,,,,,,,,,,,,,,,,,,,,,,,,,,,,,,,,,,,,,,,,,,,,,
Vietnam,VNM,Female share of employment in senior and middle management (%),SL.EMP.SMGT.FE.ZS,,,,,,,,,,,,,,,,,,,,,,,,,,,,,,,,,,,,,,,,,,,,,,,,16.32999992,,,,,,,,,,,,,
Vanuatu,VUT,Female share of employment in senior and middle management (%),SL.EMP.SMGT.FE.ZS,,,,,,,,,,,,,,,,,,,,,,,,,,,,,,,,,,,,,,,,,,,,,,,,,,28.54000092,,,,,,,,,,,
World,WLD,Female share of employment in senior and middle management (%),SL.EMP.SMGT.FE.ZS,,,,,,,,,,,,,,,,,,,,,,,,,,,,,,,,,,,,,,,,,,,,,,,,,,,,,,,,,,,,,
Samoa,WSM,Female share of employment in senior and middle management (%),SL.EMP.SMGT.FE.ZS,,,,,,,,,,,,,,,,,,,,,,,,,,,,,,,,,,,,,,,,,,,,,,,,,,,,,41.63000107,,,,,,,,
Kosovo,XKX,Female share of employment in senior and middle management (%),SL.EMP.SMGT.FE.ZS,,,,,,,,,,,,,,,,,,,,,,,,,,,,,,,,,,,,,,,,,,,,,,,,,,,,,15.31999969,,,,,,,14.34000015,
"Yemen, Rep.",YEM,Female share of employment in senior and middle management (%),SL.EMP.SMGT.FE.ZS,,,,,,,,,,,,,,,,,,,,,,,,,,,,,,,,,,,,,,,,,,,,,,,,,,,,,,,,,,,,,
South Africa,ZAF,Female share of employment in senior and middle management (%),SL.EMP.SMGT.FE.ZS,,,,,,,,,,,,,,,,,,,,,,,,,,,,,,,,,,,,,,,,,22.57999992,22.62000084,25.45999908,27.64999962,26.82999992,30.47999954,31.39999962,32,31.45999908,33.22999954,32.04999924,33.65000153,34.77000046,33.11999893,34.29000092,33.88999939,35.72999954,35.22999954,33.93000031,33.25999832,
Zambia,ZMB,Female share of employment in senior and middle management (%),SL.EMP.SMGT.FE.ZS,,,,,,,,,,,,,,,,,,,,,,,,,,,,,,,,,,,,,,,,,,,,,,,,,,,,,,,,,,28.51000023,40.25999832,,
Zimbabwe,ZWE,Female share of employment in senior and middle management (%),SL.EMP.SMGT.FE.ZS,,,,,,,,,,,,,,,,,,,,,,,,,,,,,,,,,,,,,,,,,,,,,,,,,,,,,,,,,,,,38.09999847,